channel_id,name,description,country,followers,video_count,uploads_playlist,profile_url,platform,titles,engagement,days_since_last_post,email,niche,status,reason,themes,email_msg,dm_msg
UCA8I9jeXDpTXcJuckaKU6Lg,Style over 60,"Welcome to Style Over 60 ✨
This channel is dedicated to women who want to rediscover beauty, confidence, and the power of style after 50, 60, and beyond.
Here you’ll find timeless fashion tips, elegant outfit ideas, trends adapted to maturity, and inspiration to feel amazing at any age.
Our goal is to show that elegance never ages — it evolves.
🎥 Weekly videos with chic looks, color palettes, and styling ideas that highlight your natural essence.

🔔 Subscribe and hit the notification bell so you don’t miss any new content.

📌 Topics you’ll find here:

How to dress with confidence after 60

Elegant and practical outfits for everyday life

Inspiration from global style icons

Fashion and self-esteem for mature women

",US,51600,625,UUA8I9jeXDpTXcJuckaKU6Lg,https://www.youtube.com/channel/UCA8I9jeXDpTXcJuckaKU6Lg,YouTube,"Wear THESE Colors, Not THOSE: 5 Outdated Fall Colors to Ditch in 2026 | 10 Jeans Style Tricks Elegant Women Over 50 Know That Make Denim Look Expensive | 2026–2027 | 15 Pieces vs a Full Closet Can the Hygge Method R | Why Parisian Style Is Quietly Becoming Fall 2026’s New Definition of Luxury | 7 Casual Fall Style Tricks That Make Outfits Look Expensive—and Cost Almost Nothing | Why Olive Green Is Quietly Becoming Fall/Winter 2026–2027’s New Luxury Color | 10 Fall Essentials Elegant Women Buy So They Don’t Have to Buy More | 2026 | 8 Style Tricks That Make Your Outfits Look More Expensive—and Cost Almost Nothing | 10 Fall Style Tricks Elegant Women Over 50 Use to Look Chic & Casual | 2026 | 8 Fall Style Tricks Elegant Women Over 50 Use Without Buying New Clothes",1.97,1,Not Found,Fashion,FAIL,engagement 1.97% < 2%,,,
UCHYBjqhZi9MGzn_ELIbK0_g,Skin Care Routine,,Not Found,0,9,UUHYBjqhZi9MGzn_ELIbK0_g,https://www.youtube.com/channel/UCHYBjqhZi9MGzn_ELIbK0_g,YouTube,Food for light skin tone #glowingskin #skincareroutine #skincare | perfect skin #glowingskin #skincareroutine #GRWM | Dry vs oily skin care routine #glowingskin #skincare #skincareroutine | No Beard No Problem #glowingskin #skincare #skincareroutine #beard | Bright skin hack #glowingskin #skincare #skincareroutine | perfect skin #glowingskin #skincare #skincareroutine | Hair growth routine #glowingskin #hair #growth #skincare #skincareroutine | Mewing Tutorial #glowingskin #skincare #skincareroutine | Glow up for man #shorts #skincare #skincareroutine #glowingskin,33.33,946,Not Found,Beauty,FAIL,followers 0 outside 5k-100k; inactive > 90 days,,,
UCDHkqPsi5hHq3Tq-hBfHcUQ,Makeup Maniac By Linda,"Hello Makeup Maniacs! This is Linda- Makeup,Beauty and Lifestyle related youtuber from Bangladesh.This channel will give you makeup related tutorials, hauls and reviews.DIY skin and hair care tips and much much more. . . 
*New Videos every week*
**Please subscribe **

Love yourself the most! No one else will ever know how much you deserve! :) Keep me in your prayers
-LINDA

Connect with me on my other social sites: 

Facebook : https://www.facebook.com/lamiamoktarlindapage

Instagram : https://www.instagram.com/makeupmaniacbylinda/

Snapchat- Makeupmaniac123

*If you are a business/company  and you would like to contact me please feel free to contact me :

Gmail: makeupmaniacbylinda@gmail.com",BD,753000,411,UUDHkqPsi5hHq3Tq-hBfHcUQ,https://www.youtube.com/channel/UCDHkqPsi5hHq3Tq-hBfHcUQ,YouTube,My Hair Transformation After Almost 12 Years! ✂️✨Bangladeshi Salon Honest Review | কোথায় ছিলো আজকের পিকনিক? 🌿 📸 Picnic day at Shilbarir Heshel 🤍 ✨ | Simple 3-step skincare routine for beginners ✨& Teenagers | My Daily Lip Combo 💄 Perfect Brown for Bangladeshi skin tone 👌Affordable Lipstick & Lip liner | গর্জিয়াস ঈদের সাজ ২০২৬ ✨ Royal Blue Eid Glam 💙 Most Gorgeous Eid Makeup Tutorial 2026 😍 | Simple Glam Eid Makeup Tutorial 2026 🌙 | Sweat-Proof 💦 Long Lasting Summer Eid Look ✨LINDA | গরমের ঈদের সাজ ২০২৬ 🌙 Simple Summer Friendly Eid Makeup Tutorial | 200 টাকার মধ্যে সেরা Lipstick💄🔥 Budget Lipsticks Bangladesh 🔥 Beauty Glazed Crayon lipstick swatches | Simple Teenage Everyday Makeup Look ✨ Easy Beginner-Friendly Natural Makeup | Student Budget Lipstick 💄 | New Imagic x Unique Lipstick Swatches | কম দামে সুন্দর লিপস্টিক,2.23,2,makeupmaniacbylinda@gmail.com,Beauty,FAIL,followers 753000 outside 5k-100k,,,
UCX9UxZNs1Cy0jpjFd0U697A,skincare routine ,"🌸 Welcome to Daily Skincare Routine! 🌸
Discover simple and practical skincare routines, beauty tips, skincare ingredients, and healthy skin care advice for your daily routine. ✨
On this channel, you’ll find: 🧴 Daily skincare routines
🌿 Skincare tips & home care
✨ Tips for glowing, healthy-looking skin
💧 Skin hydration & skin barrier care
☀️ Sunscreen and sun-care tips
💆‍♀️ Beauty and self-care ideas
📱 Short and easy skincare videos
Subscribe and follow along for simple skincare tips to help you build a better daily routine. 💕",PK,6,19,UUX9UxZNs1Cy0jpjFd0U697A,https://www.youtube.com/channel/UCX9UxZNs1Cy0jpjFd0U697A,YouTube,"🌙 Evening Skincare Routine for Acne & Glowing, Hydrated Skin ✨ | Papaya for Glowing & Healthy Skin 🍊✨ | Amazing Skin Benefits! | Clean & Bright Skin Routine ✨ | Simple Skincare Steps for Glowing Skin. | 3 Effective Skincare Solutions for Dark Circles 👀✨ #Shorts | Acne-Prone Skin? Try These Skincare Tips ✨ | Damaged Skin Barrier? 🧴 Ceramide Repair Routine | How to Care for Dull Skin ✨ | Radiance-Boosting Skincare Routine | ✨ Brightening Skincare Routine for Glowing Skin | ✨ Eye Care Routine for Dark Circles & Puffy Eyes | Skincare Tips | ✨ Simple Skincare Routine for Healthy & Glowing Skin | Skin Barrier Care",3.98,9,Not Found,Beauty,FAIL,followers 6 outside 5k-100k,,,
UCQ5YFJa9GhCLsbruzdAO4ew,Zehra fashion Haul ,"Welcome to Zehra Fashion Haul ✨
Your daily dose of beautiful fashion & outfit inspiration 💕
👗 AI Fashion Reels 🛍️ Amazon Fashion Finds 🌸 Stylish Kurtis & Ethnic Wear 💖 Trendy Outfits for Girls
Follow for more pretty outfit ideas & fashion inspiration!
#Fashion #AmazonFinds #WomensFashion #FashionShorts",Not Found,0,4,UUQ5YFJa9GhCLsbruzdAO4ew,https://www.youtube.com/channel/UCQ5YFJa9GhCLsbruzdAO4ew,YouTube,comment for link 🖇️#amazonfinds #amazonfashion#bag  #fashiontrends | comment for link 🖇️ | 🖇️ comment 🖇️ for 🖇️ link 🖇️ | Comment “LINK” if you want this beautiful outfit! 🛍️💕#AmazonFinds #AmazonFashion,6.45,16,Not Found,Fashion,FAIL,followers 0 outside 5k-100k,,,
UCz2MP7swJ4CHXF9ccAijSZA,@Madhuri makeup tutorial video ,,Not Found,102,107,UUz2MP7swJ4CHXF9ccAijSZA,https://www.youtube.com/channel/UCz2MP7swJ4CHXF9ccAijSZA,YouTube,simple makeup 😍 kam product me acha sa makeup #tutorial#long video#YouTube | #mix👁️ #eye makeup look tutorial #short video | #short cort teej🧿😍 #makeup look #long video | teej full makeup video 😍 #tutorial #long video #makeup video | #sindoor😍#short video reel | #jwellery😍 #accessories video  #shortvideo | #shortvideo 😍#reels #makeup | radha rani makeup 🤩look tutorial #transition video#YouTube #video | Radha Rani look 😍🦚#full makeup video #tutorial makeup video#youtubevideo | #shortvideo😍 #trending video reel,7.55,15,Not Found,Beauty,FAIL,followers 102 outside 5k-100k,,,
UCIObTwW5BUdp7wtCvp7qtsw,RJ Fashion Haul,"Hi my dear viewers,  welcome to my channel. I am Rajyalakshmi, very passionate about shopping, fashion, vlogging, accessories, jewellery, look books, cooking and many more. I am an employee and apart of that you tuber. I hope you will encourage me and my channel as well. You will definitely like my videos. A big thanks to my subscribers, your are big support to me. If any one who are watching my channel for the first time don't forget to subscribe my channel.

Follow me on:
Instagram: https://www.instagram.com/rjfshio/
my facebook page: https://m.facebook.com/RJfashionhaul-...

Thank you all.",IN,2760,661,UUIObTwW5BUdp7wtCvp7qtsw,https://www.youtube.com/channel/UCIObTwW5BUdp7wtCvp7qtsw,YouTube,#mangalagirijutesilksarees #sarees #shorts #youtubeshorts #mangalagiri #handloomsarees #jutesarees | #mangalagiridigitalprintsarees #shorts#youtubeshorts #sarees #handloomsarees #mangalagiri #sale | #mangalagirisarees #shorts #youtubeshorts #trendingshorts #sarees #handloomsarees #pattusarees | #westsidehome #westside #westsidesale #sale #shorts #youtubeshorts #rjfashionhaul #crockery | #neerus #h&m #shorts #youtubeshorts #trendingshorts #suitset #kurtaset #formalwear #ethnicwear | #soch #bluestonejewellery #shorts #Youtubeshorts #trendingshorts #bluestone #jewellery #kurtaset | #westside #handbags #shorts #youtubeshorts #viralshorts #shopping #pursesforsale #kurtis #sale | #mkwatches ##westsidefootwear #shorts #youtubeshorts #footwear #tommyhilfiger #trendingshorts | #trialroomstories #part-2 #neerus #suitsets #shopping #youtubeshorts #shorts #trendingshorts | #neerus #shopping #trialroomstories #shorts #youtubeshorts #suitsets #meetingfriend #twinningoutfits,3.72,3,Not Found,Fashion,FAIL,followers 2760 outside 5k-100k,,,
UCvjFYV9_WJdsANvzE0dwzcw,MAKEUP TUTORIAL WITH ANSHIKA ,makeup tutorial with Anshika ,Not Found,48,31,UUvjFYV9_WJdsANvzE0dwzcw,https://www.youtube.com/channel/UCvjFYV9_WJdsANvzE0dwzcw,YouTube,biharan look ❤️#makeuptutorial 😍 #trending reels | easy smokey eye makeup tutorial #trending #viral #makeuptutorial #shorts | simple make-up look tutorial #trending #viral #shortvideo #makeuptutorial | Everyday no makeup makeup look #viral #shortsvideo | half leg waxing tutorial #glow up beauty #viral #youtubeshortsvideo | soft eye makeup #trending #eyemakeup #viral #hack #shorts | suit makeup tutorial with soft eye makeup tutorial #trending #viral #shorts #youtubeshorts | party geaust makeup look tutorial #trending #eyemakeup #viral #shorts | soft eye makeup tutorial #trending #viral #shorts #eye makeup #makeuptutorial | I have uploaded a mini makeup tutorial full makeup video on my channel you can check it out #viral,5.09,181,Not Found,Beauty,FAIL,followers 48 outside 5k-100k; inactive > 90 days,,,
UC1CT1RQwIyvFK9MjSOuBF-w,Mrs. Charity Umar Natural Hair Care,"My name is Charity. 

I am a born again Christian, wife, mother, registered nurse, mentor, entrepreneur, gospel minister and teacher and a modesty ambassador. I am here to share all things FAITH, MODESTY,  NATURAL HAIR CARE, NURSING & MORE! I pray that you will find my content valuable and inspirational. Be blessed! 

👉🏽Shop my hair care line: https://www.unveilingtheveil.com/

For business inquiries please email: unveilingtheveilhair@gmail.com

-Mrs. Charity Umar",US,38400,258,UU1CT1RQwIyvFK9MjSOuBF-w,https://www.youtube.com/channel/UC1CT1RQwIyvFK9MjSOuBF-w,YouTube,"From Dry to Beautiful! 😍 Moisturize & Style My Natural Hair With Me | DIY WHIPPED SHEA BUTTER | Soft, Moisturized Hair & Glowing Skin #naturalhaircare #whippedsheabutter | STOP Waiting! 5 Signs It’s Time to Wash Your Natural Hair | How I Wash My Daughter’s Natural Hair for Healthy Hair Growth 👑 | The Ultimate Wash Day Routine for Thick Type 4 Hair | Natural Hair Wash Day Routine | How I keep my daughter’s hairstyle from unraveling #africanthreading | Beautiful Natural Hair Protective Style | African Threading Hairstyle | Beautiful kids natural hair style | NO EXTENSIONS | Natural Hair Care | Twists: My Secret for Natural Hair Length Retention | Daily Twist Maintenance for Healthy Natural Hair",5.29,1,unveilingtheveilhair@gmail.com,Beauty,PASS,All criteria met,['Not Found'],Generation failed,Generation failed
UCCgNuvoUTYH9IJob4QcDMog,Hair Care Routine,"hair care routine
hair care routines
hair care tips for amazing hair; 
relaxed hair, 
black hair care, 
natural hair care, 
ayurvedic hair care for natural hair
Hair cut
Hair cutz
Hair cut routine
Hair care products
Hair cut products",Not Found,3,4,UUCgNuvoUTYH9IJob4QcDMog,https://www.youtube.com/channel/UCCgNuvoUTYH9IJob4QcDMog,YouTube,Giving Attention to My Hair #haircut #haircare | Winter is here #haircaretips #diyhaircare | #Winter Hair Care Tips; Winter is here | Hair pin to the rescue,35.08,936,Not Found,Beauty,FAIL,followers 3 outside 5k-100k; inactive > 90 days,,,
